{"ta_time_used": 13.878269910812378, "_n_calls_of_intensify": 47, "_EMA_ALPHA": 0.2, "ta_runs": 200, "wallclock_time_used": 28.101029872894287, "_n_configs_per_intensify": 193, "inc_changed": 2, "_ema_n_configs_per_intensifiy": 4.095521574198666}