{"cpu_time": 0, "total_cpu_time": null, "incumbent": ["C='1.0'", "kernel=''poly''", "shrinking=''true''", "coef0='0.0'", "degree='3'", "gamma=''auto''"], "wallclock_time": 0.0002808570861816406, "evaluations": 0, "cost": 2147483648}
{"cpu_time": 0.033522844314575195, "total_cpu_time": null, "incumbent": ["C='1.0'", "kernel=''poly''", "shrinking=''true''", "coef0='0.0'", "degree='3'", "gamma=''auto''"], "wallclock_time": 0.053604841232299805, "evaluations": 1, "cost": 0.03333333333333344}
{"cpu_time": 2.7625021934509277, "total_cpu_time": null, "incumbent": ["C='27.443476788201483'", "kernel=''poly''", "shrinking=''true''", "coef0='8.450376240901745'", "degree='1'", "gamma=''auto''"], "wallclock_time": 4.651034832000732, "evaluations": 26, "cost": 0.026666666666666616}
