{"_n_calls_of_intensify": 51, "wallclock_time_used": 24.758169889450073, "_ema_n_configs_per_intensifiy": 3.7956448520498753, "ta_runs": 200, "inc_changed": 3, "_EMA_ALPHA": 0.2, "ta_time_used": 12.628562450408936, "_n_configs_per_intensify": 195}