{"cost": 2147483648, "incumbent": ["C='1.0'", "kernel=''poly''", "shrinking=''true''", "coef0='0.0'", "degree='3'", "gamma=''auto''"], "evaluations": 0, "cpu_time": 0, "wallclock_time": 0.000148773193359375, "total_cpu_time": null}
{"cost": 0.03333333333333344, "incumbent": ["C='1.0'", "kernel=''poly''", "shrinking=''true''", "coef0='0.0'", "degree='3'", "gamma=''auto''"], "evaluations": 1, "cpu_time": 0.030935049057006836, "wallclock_time": 0.05388498306274414, "total_cpu_time": null}
{"cost": 0.019999999999999907, "incumbent": ["C='10.439682699125395'", "kernel=''rbf''", "shrinking=''false''", "gamma=''auto''"], "evaluations": 27, "cpu_time": 1.3411650657653809, "wallclock_time": 3.156402826309204, "total_cpu_time": null}
{"cost": 0.013333333333333308, "incumbent": ["C='2.932401993304855'", "kernel=''poly''", "shrinking=''false''", "coef0='6.900891909775106'", "degree='1'", "gamma=''auto''"], "evaluations": 45, "cpu_time": 2.6725900173187256, "wallclock_time": 5.634883880615234, "total_cpu_time": null}
