{"ta_time_used": 12.825552225112915, "ta_runs": 200, "_n_configs_per_intensify": 198, "_n_calls_of_intensify": 51, "wallclock_time_used": 25.3720281124115, "inc_changed": 3, "_ema_n_configs_per_intensifiy": 4.306719287678472, "_EMA_ALPHA": 0.2}