{"total_cpu_time": null, "cost": 2147483648, "cpu_time": 0, "incumbent": ["C='1.0'", "kernel=''poly''", "shrinking=''true''", "coef0='0.0'", "degree='3'", "gamma=''auto''"], "wallclock_time": 0.0001430511474609375, "evaluations": 0}
{"total_cpu_time": null, "cost": 0.03333333333333344, "cpu_time": 0.02751898765563965, "incumbent": ["C='1.0'", "kernel=''poly''", "shrinking=''true''", "coef0='0.0'", "degree='3'", "gamma=''auto''"], "wallclock_time": 0.0661611557006836, "evaluations": 1}
{"total_cpu_time": null, "cost": 0.019999999999999907, "cpu_time": 1.3049430847167969, "incumbent": ["C='18.69396290267465'", "kernel=''poly''", "shrinking=''false''", "coef0='0.10427907091621447'", "degree='1'", "gamma=''auto''"], "wallclock_time": 2.7050631046295166, "evaluations": 25}
{"total_cpu_time": null, "cost": 0.013333333333333308, "cpu_time": 1.7271769046783447, "incumbent": ["C='3.594000046935556'", "kernel=''poly''", "shrinking=''false''", "coef0='6.005764225153959'", "degree='1'", "gamma=''auto''"], "wallclock_time": 3.957533121109009, "evaluations": 43}
